timestamp,lat_deg,lon_deg,height_m,quality,quality_name,num_sats,sdn_m,sde_m,sdu_m,age_s,ratio
95601.000,22.301314707,114.178901466,36.3293,5,SINGLE,5,30.0000,30.0000,30.0000,0.0,0.0
95606.000,22.301354038,114.178837543,79.5819,5,SINGLE,5,31.6228,31.6228,31.6228,0.0,0.0
95611.000,22.300963963,114.178930300,-2.5748,5,SINGLE,7,30.0000,30.0000,30.0000,0.0,0.0
95612.000,22.301030276,114.178872968,-2.4673,5,SINGLE,2,21.5123,23.2300,31.5969,22.3,-5.2
95619.000,22.300894213,114.179235393,79.4868,5,SINGLE,7,31.6228,31.6228,31.6228,-0.0,0.0
95624.000,22.300328351,114.179699654,195.1330,5,SINGLE,4,30.0000,30.0000,30.0000,0.0,0.0
95683.000,22.299931203,114.179158143,137.4423,5,SINGLE,5,31.6228,31.6228,31.6228,0.0,0.0
95685.000,22.296584868,114.175355334,1268.7440,5,SINGLE,4,31.6228,31.6228,31.6228,0.0,0.0
95686.000,22.299414754,114.179249053,-3.5081,5,SINGLE,4,30.0000,30.0000,30.0000,0.0,0.0
95687.000,22.299404366,114.179143059,3.6780,5,SINGLE,5,31.6228,31.6228,31.6228,0.0,0.0
95688.000,22.299401930,114.179055801,-14.7495,5,SINGLE,5,30.0000,30.0000,30.0000,0.0,0.0
95692.000,22.299170753,114.178710551,12.1152,5,SINGLE,7,30.0000,30.0000,30.0000,0.0,-0.0
95694.000,22.299067373,114.178790758,-16.7650,5,SINGLE,5,30.0000,30.0000,30.0000,0.0,0.0
95695.000,22.299010264,114.178714027,-15.2500,5,SINGLE,6,31.6228,31.6228,31.6228,0.0,0.0
95696.000,22.298930529,114.178577428,3.4096,5,SINGLE,6,30.0000,30.0000,30.0000,-0.0,0.0
95697.000,22.298870074,114.178500848,3.8898,5,SINGLE,5,31.6228,31.6228,31.6228,0.0,0.0
95698.000,22.298810698,114.178434105,6.5269,5,SINGLE,5,30.0000,30.0000,30.0000,0.0,0.0
95702.000,22.297768417,114.177013466,341.2181,5,SINGLE,5,30.0000,30.0000,30.0000,0.0,-0.0
95703.000,22.297663619,114.176928892,345.4390,5,SINGLE,4,31.6228,31.6228,31.6228,0.0,0.0
95704.000,22.298425264,114.178080159,-14.3240,5,SINGLE,5,30.0000,30.0000,30.0000,0.0,0.0
95708.000,22.298223687,114.177798729,0.4567,5,SINGLE,4,30.0000,30.0000,30.0000,-0.0,0.0
95709.000,22.298159530,114.177742513,-1.0730,5,SINGLE,4,31.6228,31.6228,31.6228,0.0,0.0
95712.000,22.297948434,114.177516687,2.4749,5,SINGLE,5,30.0000,30.0000,30.0000,0.0,0.0
95714.000,22.297896210,114.177408794,-7.4169,5,SINGLE,4,30.0000,30.0000,30.0000,-0.0,0.0
95720.000,22.297524353,114.176974961,-4.0739,5,SINGLE,4,30.0000,30.0000,30.0000,0.0,-0.0
95723.000,22.297211564,114.176416880,163.8769,5,SINGLE,4,31.6228,31.6228,31.6228,0.0,0.0
95725.000,22.297156114,114.176449938,135.6785,5,SINGLE,4,31.6071,31.6071,31.6071,0.0,-0.0
95726.000,22.297197592,114.176516727,-12.5464,5,SINGLE,5,30.0000,30.0000,30.0000,-0.0,0.0
95727.000,22.297153868,114.176448597,-11.6100,5,SINGLE,5,31.6228,31.6228,31.6228,0.0,-0.0
95728.000,22.297109590,114.176379498,4.4130,5,SINGLE,5,30.0000,30.0000,30.0000,0.0,0.0
95729.000,22.297087703,114.176307005,3.2885,5,SINGLE,4,31.6228,31.6228,31.6228,0.0,0.0
95731.000,22.296897236,114.176396050,88.2628,5,SINGLE,5,31.6228,31.6228,31.6228,0.0,-0.0
95732.000,22.297142549,114.176046424,63.2646,5,SINGLE,5,30.0000,30.0000,30.0000,0.0,-0.0
95733.000,22.297150635,114.176010877,69.7762,5,SINGLE,4,31.6228,31.6228,31.6228,0.0,0.0
95734.000,22.297170309,114.176090566,149.5508,5,SINGLE,5,30.0000,30.0000,30.0000,0.0,0.0
95735.000,22.297168482,114.176089671,151.0954,5,SINGLE,5,31.6228,31.6228,31.6228,0.0,0.0
95771.000,22.297202248,114.176198707,150.4571,5,SINGLE,5,31.6228,31.6228,31.6228,0.0,0.0
95773.000,22.297129960,114.176086811,189.0774,5,SINGLE,5,31.6228,31.6228,31.6228,0.0,0.0
95774.000,22.297273220,114.176063383,179.8587,5,SINGLE,4,30.0000,30.0000,30.0000,0.0,0.0
95782.000,22.297233368,114.176143513,160.8145,5,SINGLE,5,30.0000,30.0000,30.0000,-0.0,0.0
95783.000,22.297234795,114.176143958,160.1388,5,SINGLE,5,31.6228,31.6228,31.6228,0.0,0.0
95797.000,22.297198683,114.175862788,105.3708,5,SINGLE,5,31.6228,31.6228,31.6228,-0.0,0.0
95798.000,22.297202211,114.175533121,11.3886,5,SINGLE,5,30.0000,30.0000,30.0000,0.0,0.0
95799.000,22.297245984,114.175450503,5.3755,5,SINGLE,6,31.6228,31.6228,31.6228,0.0,0.0
95800.000,22.297289182,114.175532276,10.7207,5,SINGLE,6,30.0000,30.0000,30.0000,0.0,0.0
95801.000,22.297353075,114.175534785,7.4284,5,SINGLE,6,31.6228,31.6228,31.6228,0.0,-0.0
95802.000,22.297444768,114.175355577,4.5709,5,SINGLE,4,30.0000,30.0000,30.0000,0.0,0.0
95803.000,22.297513395,114.175350003,3.9007,5,SINGLE,4,31.6228,31.6228,31.6228,0.0,0.0
95804.000,22.297600105,114.175429978,3.6821,5,SINGLE,4,30.0000,30.0000,30.0000,0.0,0.0
95807.000,22.297756027,114.175453306,5.2708,5,SINGLE,4,31.6070,31.6070,31.6070,0.0,0.0
95812.000,22.298304429,114.175618852,5.6646,5,SINGLE,4,30.0000,30.0000,30.0000,-0.0,-0.0
95813.000,22.298403767,114.175601133,4.4557,5,SINGLE,4,31.6228,31.6228,31.6228,0.0,0.0
95814.000,22.298515753,114.175637553,0.7883,5,SINGLE,4,30.0000,30.0000,30.0000,0.0,0.0
95815.000,22.298590650,114.175644465,2.1842,5,SINGLE,4,31.6228,31.6228,31.6228,0.0,0.0
95816.000,22.298631362,114.175916656,10.7478,5,SINGLE,5,30.0000,30.0000,30.0000,0.0,-0.0
95821.000,22.298939025,114.176113023,44.7461,5,SINGLE,6,31.6228,31.6228,31.6228,0.0,0.0
95825.000,22.299083531,114.176012331,48.5879,5,SINGLE,5,31.6228,31.6228,31.6228,0.0,0.0
95834.000,22.299894245,114.175969040,4.2428,5,SINGLE,4,30.0000,30.0000,30.0000,0.0,-0.0
95835.000,22.299978634,114.175994117,3.7751,5,SINGLE,4,31.6228,31.6228,31.6228,0.0,0.0
95836.000,22.300028405,114.175940951,-5.6759,5,SINGLE,4,30.0000,30.0000,30.0000,0.0,0.0
95837.000,22.300107056,114.175963159,-5.9840,5,SINGLE,4,31.6228,31.6228,31.6228,0.0,-0.0
95838.000,22.300197299,114.176038880,0.1546,5,SINGLE,4,30.0000,30.0000,30.0000,0.0,0.0
95839.000,22.300267709,114.176063931,0.7925,5,SINGLE,4,31.6228,31.6228,31.6228,0.0,0.0
95841.000,22.300205482,114.176261382,-27.1579,5,SINGLE,6,31.6228,31.6228,31.6228,0.0,0.0
95842.000,22.300470986,114.176008660,-4.7301,5,SINGLE,2,7.9401,29.0831,29.8688,14.6,-4.5
95858.000,22.300343560,114.175907630,27.3465,5,SINGLE,5,31.6228,31.6228,31.6228,0.0,0.0
95859.000,22.300379425,114.176074584,7.8938,5,SINGLE,6,30.0000,30.0000,30.0000,-0.0,0.0
95860.000,22.300382672,114.176074324,7.6165,5,SINGLE,5,31.6228,31.6228,31.6228,0.0,0.0
95868.000,22.300515916,114.175435196,87.8648,5,SINGLE,5,31.6070,31.6070,31.6070,0.0,0.0
95869.000,22.300868988,114.176396539,-27.8134,5,SINGLE,5,30.0000,30.0000,30.0000,-0.0,0.0
95870.000,22.300949051,114.176504260,-37.7158,5,SINGLE,5,31.6228,31.6228,31.6228,0.0,0.0
95871.000,22.300960206,114.176438155,-12.4747,5,SINGLE,6,30.0000,30.0000,30.0000,0.0,0.0
95872.000,22.301018323,114.176424233,-25.5874,5,SINGLE,4,31.6228,31.6228,31.6228,-0.0,0.0
95873.000,22.301183454,114.176290762,-6.0567,5,SINGLE,5,30.0000,30.0000,30.0000,0.0,0.0
95874.000,22.301208040,114.176317079,-6.9146,5,SINGLE,2,2.5021,31.6226,31.5333,1.9,0.5
95875.000,22.301291323,114.176343162,-7.2822,5,SINGLE,5,14.0561,37.4163,37.3250,2.1,0.6
95876.000,22.301456422,114.176347467,4.7754,5,SINGLE,6,30.0000,30.0000,30.0000,0.0,-0.0
95879.000,22.301556435,114.175956955,73.5938,5,SINGLE,6,31.6228,31.6228,31.6228,0.0,0.0
95880.000,22.301773866,114.176629343,6.8728,5,SINGLE,6,30.0000,30.0000,30.0000,0.0,0.0
95881.000,22.301851561,114.176654570,6.9281,5,SINGLE,6,31.6228,31.6228,31.6228,0.0,0.0
95882.000,22.301902176,114.176702089,6.1906,5,SINGLE,6,30.0000,30.0000,30.0000,0.0,-0.0
95886.000,22.302112790,114.176731950,9.7374,5,SINGLE,6,30.0000,30.0000,30.0000,-0.0,0.0
95887.000,22.302131498,114.176740535,8.6025,5,SINGLE,6,31.6228,31.6228,31.6228,0.0,-0.0
95890.000,22.302215296,114.176884225,37.2758,5,SINGLE,6,30.0000,30.0000,30.0000,0.0,0.0
95891.000,22.302221449,114.176886604,37.4754,5,SINGLE,7,31.6228,31.6228,31.6228,0.0,-0.0
95892.000,22.302206816,114.176812577,8.7466,5,SINGLE,2,20.4026,27.5792,28.2669,-16.1,-10.9
95893.000,22.302203788,114.176810241,8.9756,5,SINGLE,2,20.3316,28.8270,29.6243,-17.7,-12.0
95894.000,22.302205620,114.176810707,9.4502,5,SINGLE,2,23.1235,33.9237,34.9238,-21.5,-14.6
95895.000,22.302212596,114.176729739,17.7217,5,SINGLE,2,18.9557,27.2826,28.0608,-17.0,-11.5
95896.000,22.302217487,114.176733367,15.9875,5,SINGLE,2,19.7709,28.7175,29.5512,-18.1,-12.2
95897.000,22.302222970,114.176737350,14.2865,5,SINGLE,2,22.8522,33.8740,34.8932,-21.7,-14.7
95898.000,22.302225705,114.176730434,13.7959,5,SINGLE,2,18.7242,27.2391,28.0335,-17.2,-11.6
95899.000,22.302227201,114.176731838,13.7009,5,SINGLE,2,20.2298,28.8115,29.6201,-17.8,-12.0
95900.000,22.302226771,114.176732133,13.5090,5,SINGLE,2,23.0097,33.9078,34.9210,-21.6,-14.6
95901.000,22.302221652,114.176726256,14.5824,5,SINGLE,2,18.8603,27.2686,28.0575,-17.1,-11.5
95902.000,22.302221166,114.176725465,14.6201,5,SINGLE,2,19.6829,28.7054,29.5497,-18.1,-12.2
95903.000,22.302220782,114.176724734,14.6630,5,SINGLE,2,22.7717,33.8649,34.8953,-21.7,-14.7
95904.000,22.302228256,114.176775431,6.6768,5,SINGLE,2,18.6471,27.2289,28.0330,-17.2,-11.6
95905.000,22.302232369,114.176780106,5.9606,5,SINGLE,5,21.1593,29.0071,29.7632,-17.2,-11.6
95906.000,22.302236483,114.176784781,5.2444,5,SINGLE,5,29.1155,35.2337,35.8587,-17.2,-11.6
95907.000,22.302248304,114.176715431,30.4683,5,SINGLE,7,30.0000,30.0000,30.0000,-0.0,0.0
95908.000,22.302253457,114.176717546,30.5181,5,SINGLE,6,31.6228,31.6228,31.6228,-0.0,-0.0
95909.000,22.302219975,114.176708629,14.1201,5,SINGLE,7,30.0000,30.0000,30.0000,0.0,-0.0
95910.000,22.302228919,114.176706741,14.0917,5,SINGLE,6,31.6228,31.6228,31.6228,0.0,-0.0
95911.000,22.302241845,114.176707874,9.9838,5,SINGLE,7,30.0000,30.0000,30.0000,0.0,0.0
95912.000,22.302265115,114.176717547,7.8656,5,SINGLE,7,31.6228,31.6228,31.6228,0.0,-0.0
95913.000,22.302317505,114.176760495,4.8284,5,SINGLE,7,30.0000,30.0000,30.0000,0.0,0.0
95914.000,22.302345370,114.176788854,4.3398,5,SINGLE,7,31.6228,31.6228,31.6228,0.0,0.0
95915.000,22.302471410,114.176981979,34.9950,5,SINGLE,6,30.0000,30.0000,30.0000,0.0,0.0
95921.000,22.302395561,114.176904046,12.1375,5,SINGLE,2,20.2717,28.8390,29.6643,-17.7,-11.9
95922.000,22.302387778,114.176899574,11.7483,5,SINGLE,2,23.2499,33.9780,35.0004,-21.4,-14.4
95923.000,22.302920805,114.177111951,3.4029,5,SINGLE,8,30.0000,30.0000,30.0000,0.0,-0.0
95924.000,22.302965437,114.177157860,3.3355,5,SINGLE,9,31.6228,31.6228,31.6228,0.0,0.0
95925.000,22.302976567,114.177250034,5.6938,5,SINGLE,8,30.0000,30.0000,30.0000,0.0,0.0
95926.000,22.302983876,114.177301135,4.2325,5,SINGLE,8,31.6228,31.6228,31.6228,0.0,0.0
95927.000,22.302949805,114.177381309,7.2132,5,SINGLE,8,30.0000,30.0000,30.0000,0.0,0.0
95928.000,22.302927041,114.177447147,5.6776,5,SINGLE,7,31.6228,31.6228,31.6228,0.0,0.0
95929.000,22.302883478,114.177545212,3.6957,5,SINGLE,7,30.0000,30.0000,30.0000,0.0,0.0
95930.000,22.302848003,114.177629495,2.7951,5,SINGLE,7,31.6228,31.6228,31.6228,-0.0,0.0
95931.000,22.302796620,114.177711399,6.7408,5,SINGLE,6,30.0000,30.0000,30.0000,0.0,0.0
95932.000,22.302750451,114.177810139,9.3128,5,SINGLE,6,31.6228,31.6228,31.6228,0.0,0.0
95933.000,22.302717565,114.177920654,-1.5951,5,SINGLE,6,30.0000,30.0000,30.0000,-0.0,0.0
95934.000,22.302689223,114.178052598,-8.8723,5,SINGLE,6,31.6228,31.6228,31.6228,0.0,0.0
95935.000,22.302638294,114.178107525,2.0305,5,SINGLE,5,30.0000,30.0000,30.0000,0.0,0.0
95936.000,22.302597893,114.178208897,1.1724,5,SINGLE,5,31.6228,31.6228,31.6228,0.0,0.0
95937.000,22.302568174,114.178323973,2.2565,5,SINGLE,5,30.0000,30.0000,30.0000,0.0,-0.0
95938.000,22.302529468,114.178424015,3.8635,5,SINGLE,6,31.6228,31.6228,31.6228,0.0,0.0
95939.000,22.302497994,114.178553447,-3.9278,5,SINGLE,6,30.0000,30.0000,30.0000,0.0,0.0
95941.000,22.302513405,114.178694112,6.7988,5,SINGLE,7,30.0000,30.0000,30.0000,0.0,0.0
95942.000,22.302487874,114.178798018,8.8955,5,SINGLE,7,31.6228,31.6228,31.6228,-0.0,-0.0
95943.000,22.302367703,114.178843535,16.5963,5,SINGLE,4,30.0000,30.0000,30.0000,0.0,0.0
95945.000,22.302522760,114.179273271,13.0671,5,SINGLE,4,30.0000,30.0000,30.0000,-0.0,0.0
95946.000,22.302552898,114.179382408,17.8552,5,SINGLE,4,31.6228,31.6228,31.6228,-0.0,0.0
95947.000,22.302354570,114.179151108,-21.5487,5,SINGLE,5,30.0000,30.0000,30.0000,0.0,0.0
95949.000,22.301981061,114.178802550,117.9338,5,SINGLE,5,30.0000,30.0000,30.0000,-0.0,0.0
95951.000,22.302300902,114.179474094,-3.8926,5,SINGLE,6,30.0000,30.0000,30.0000,-0.0,-0.0
95952.000,22.302255168,114.179545595,-0.3080,5,SINGLE,5,31.6228,31.6228,31.6228,0.0,-0.0
95954.000,22.302110965,114.179649711,36.3383,5,SINGLE,6,31.6228,31.6228,31.6228,0.0,-0.0
95955.000,22.301966730,114.179495870,37.8375,5,SINGLE,6,30.0000,30.0000,30.0000,-0.0,0.0
95956.000,22.301910301,114.179505585,35.7786,5,SINGLE,6,31.6228,31.6228,31.6228,0.0,0.0
95957.000,22.301865887,114.179612007,42.0136,5,SINGLE,6,30.0000,30.0000,30.0000,0.0,-0.0
95958.000,22.301765227,114.179687915,38.1980,5,SINGLE,2,23.3336,22.4879,31.6041,21.8,-4.9
95959.000,22.301762940,114.179653571,33.8284,5,SINGLE,2,27.3969,26.3589,37.3941,26.0,-5.9
95960.000,22.301809304,114.179703610,14.6093,5,SINGLE,2,22.0915,21.2679,29.9822,20.7,-4.7
95961.000,22.301800064,114.179690604,14.7858,5,SINGLE,2,23.2307,22.3467,31.6039,21.9,-4.9
95962.000,22.301790000,114.179678555,14.9669,5,SINGLE,2,27.3511,26.2771,37.3940,26.1,-5.9
95963.000,22.301768596,114.179652302,15.1972,5,SINGLE,2,22.0536,21.2015,29.9822,20.8,-4.7
95964.000,22.301765062,114.179640281,24.6307,5,SINGLE,3,22.7815,21.6571,4.8139,22.2,8.7
95965.000,22.301764181,114.179638949,25.6223,5,SINGLE,2,27.2644,25.9884,14.7620,26.0,9.4
95966.000,22.301763509,114.179637383,26.6128,5,SINGLE,2,38.2731,36.5054,37.3058,37.2,8.7
95967.000,22.301725495,114.179601324,17.7034,5,SINGLE,2,21.8404,20.9268,29.9818,21.0,-4.7
95968.000,22.301725038,114.179600759,17.6431,5,SINGLE,2,23.0080,22.0342,31.6036,22.2,-5.0
95969.000,22.301724751,114.179600001,17.5820,5,SINGLE,2,27.1792,26.0103,37.3938,26.3,-5.9
95972.000,22.301807683,114.179680481,22.9870,5,SINGLE,7,28.0514,26.9793,37.3955,25.3,-5.7
95973.000,22.301763783,114.179671009,15.2715,5,SINGLE,7,30.0000,30.0000,30.0000,0.0,0.0
95974.000,22.301717667,114.179647931,14.5821,5,SINGLE,8,31.6228,31.6228,31.6228,0.0,0.0
95975.000,22.301643021,114.179530019,6.9893,5,SINGLE,8,30.0000,30.0000,30.0000,0.0,0.0
95976.000,22.301592181,114.179491347,8.8335,5,SINGLE,8,31.6228,31.6228,31.6228,-0.0,0.0
95977.000,22.301524548,114.179408463,7.5025,5,SINGLE,6,30.0000,30.0000,30.0000,0.0,0.0
95978.000,22.301474798,114.179344120,7.0660,5,SINGLE,5,31.6228,31.6228,31.6228,-0.0,0.0
95979.000,22.301480091,114.179244429,3.5135,5,SINGLE,6,30.0000,30.0000,30.0000,0.0,-0.0
95981.000,22.301566526,114.178933329,6.5245,5,SINGLE,5,30.0000,30.0000,30.0000,0.0,0.0
95982.000,22.301527148,114.178878997,3.8680,5,SINGLE,5,31.6228,31.6228,31.6228,-0.0,0.0
95983.000,22.301622108,114.178876410,-2.0374,5,SINGLE,4,30.0000,30.0000,30.0000,-0.0,0.0
95984.000,22.301600614,114.178822829,-1.8653,5,SINGLE,5,31.6228,31.6228,31.6228,0.0,0.0
95985.000,22.301302488,114.178942851,5.8971,5,SINGLE,6,30.0000,30.0000,30.0000,0.0,0.0
95986.000,22.301272478,114.178911090,3.0357,5,SINGLE,4,31.6228,31.6228,31.6228,0.0,0.0
95987.000,22.301263756,114.178899333,-5.1054,5,SINGLE,6,30.0000,30.0000,30.0000,-0.0,0.0
95988.000,22.301256358,114.178895283,-4.1480,5,SINGLE,5,31.6228,31.6228,31.6228,-0.0,0.0
95989.000,22.301204936,114.178952618,-11.7242,5,SINGLE,5,30.0000,30.0000,30.0000,-0.0,0.0
95990.000,22.301199900,114.178955219,-10.3481,5,SINGLE,5,31.6228,31.6228,31.6228,0.0,0.0
95991.000,22.301161502,114.178953963,-8.0975,5,SINGLE,5,30.0000,30.0000,30.0000,0.0,-0.0
95992.000,22.301154969,114.178956449,-8.6468,5,SINGLE,5,31.6228,31.6228,31.6228,0.0,-0.0
95993.000,22.301174976,114.178957520,-9.4383,5,SINGLE,5,30.0000,30.0000,30.0000,0.0,0.0
95994.000,22.301180478,114.178955074,-9.4228,5,SINGLE,5,31.6228,31.6228,31.6228,0.0,0.0
95995.000,22.301167971,114.178961278,-10.0687,5,SINGLE,5,30.0000,30.0000,30.0000,-0.0,0.0
95996.000,22.301159393,114.178965336,-10.5128,5,SINGLE,4,31.6228,31.6228,31.6228,0.0,0.0
95997.000,22.301155223,114.178967233,-8.7094,5,SINGLE,4,30.0000,30.0000,30.0000,-0.0,0.0
95998.000,22.301164288,114.178962813,-8.5549,5,SINGLE,4,31.6228,31.6228,31.6228,0.0,0.0
95999.000,22.300917905,114.179071735,-17.3522,5,SINGLE,4,30.0000,30.0000,30.0000,0.0,-0.0
96000.000,22.300912823,114.179074441,-17.3426,5,SINGLE,4,31.6228,31.6228,31.6228,0.0,0.0
96001.000,22.301009852,114.179029949,-14.1361,5,SINGLE,4,30.0000,30.0000,30.0000,-0.0,0.0
96002.000,22.301012004,114.179044936,-15.3947,5,SINGLE,2,28.0118,25.1862,24.1701,-16.8,19.7
96003.000,22.301006685,114.179049459,-15.5036,5,SINGLE,4,33.7556,30.9444,29.9479,-18.4,21.7
96004.000,22.301083545,114.178998170,-12.3496,5,SINGLE,4,30.0000,30.0000,30.0000,0.0,0.0
96005.000,22.301077449,114.179000306,-12.6099,5,SINGLE,4,31.6228,31.6228,31.6228,-0.0,0.0
96012.000,22.301272588,114.178915860,-5.3296,5,SINGLE,4,30.0000,30.0000,30.0000,0.0,-0.0
96013.000,22.301268423,114.178918029,-5.4091,5,SINGLE,4,31.6228,31.6228,31.6228,0.0,0.0
96014.000,22.301241405,114.178931644,-6.9102,5,SINGLE,4,30.0000,30.0000,30.0000,0.0,0.0
96015.000,22.301231559,114.178936103,-7.4359,5,SINGLE,4,31.6228,31.6228,31.6228,0.0,0.0
96016.000,22.301226452,114.178952305,-8.9571,5,SINGLE,2,26.6296,23.8793,22.8880,-15.8,18.8
96017.000,22.301253650,114.178940423,-7.9098,5,SINGLE,4,28.4453,25.8886,24.9772,-15.8,18.8
96018.000,22.301280848,114.178928540,-6.8625,5,SINGLE,4,34.7726,32.7142,31.9978,-15.8,18.8
96019.000,22.301161975,114.178967756,-9.8225,5,SINGLE,4,30.0000,30.0000,30.0000,0.0,0.0
96020.000,22.301154240,114.178970849,-9.9674,5,SINGLE,4,31.6228,31.6228,31.6228,0.0,0.0
96021.000,22.301130720,114.178981189,-11.6005,5,SINGLE,4,30.0000,30.0000,30.0000,0.0,0.0
96022.000,22.301137086,114.178977961,-11.3861,5,SINGLE,4,31.6228,31.6228,31.6228,0.0,0.0
96023.000,22.301105155,114.178991586,-12.9607,5,SINGLE,4,30.0000,30.0000,30.0000,-0.0,0.0
96024.000,22.301098695,114.178994977,-12.9064,5,SINGLE,4,31.6228,31.6228,31.6228,0.0,0.0
96025.000,22.301106705,114.178991619,-13.1846,5,SINGLE,4,30.0000,30.0000,30.0000,-0.0,0.0
96026.000,22.301096659,114.178996246,-13.6758,5,SINGLE,4,31.6228,31.6228,31.6228,0.0,-0.0
96027.000,22.301070974,114.179008372,-14.9390,5,SINGLE,4,30.0000,30.0000,30.0000,0.0,0.0
96028.000,22.301057673,114.179014306,-15.3724,5,SINGLE,4,31.6228,31.6228,31.6228,0.0,-0.0
96029.000,22.301087781,114.179001583,-14.5237,5,SINGLE,4,30.0000,30.0000,30.0000,-0.0,0.0
96034.000,22.301449104,114.178860294,-25.5059,5,SINGLE,4,31.6228,31.6228,31.6228,0.0,-0.0
96035.000,22.302501803,114.178364775,33.2158,5,SINGLE,4,30.0000,30.0000,30.0000,0.0,0.0
96036.000,22.302475892,114.178376488,32.2161,5,SINGLE,4,31.6228,31.6228,31.6228,-0.0,0.0
96038.000,22.302448343,114.178389035,31.1975,5,SINGLE,4,31.6068,31.6068,31.6068,-0.0,0.0
96039.000,22.300099400,114.179452508,-49.6462,5,SINGLE,4,30.0000,30.0000,30.0000,-0.0,0.0
96040.000,22.300103386,114.179451761,-49.4565,5,SINGLE,4,31.6228,31.6228,31.6228,0.0,-0.0
96041.000,22.300191845,114.179411950,-46.3211,5,SINGLE,4,30.0000,30.0000,30.0000,0.0,0.0
96046.000,22.300940111,114.178952693,28.4183,5,SINGLE,4,31.6228,31.6228,31.6228,0.0,0.0
96047.000,22.301158820,114.178975460,-12.9759,5,SINGLE,4,30.0000,30.0000,30.0000,0.0,0.0
96048.000,22.301164370,114.178972218,-12.5547,5,SINGLE,4,31.6228,31.6228,31.6228,0.0,-0.0
96049.000,22.301132108,114.178988663,-13.6586,5,SINGLE,4,30.0000,30.0000,30.0000,-0.0,-0.0
96050.000,22.301133069,114.178988249,-13.5778,5,SINGLE,4,31.6228,31.6228,31.6228,0.0,0.0
96061.000,22.301190572,114.179038425,21.6429,5,SINGLE,3,9.4418,10.3954,34.7431,9.9,-18.8
96062.000,22.301180006,114.179050303,2.7582,5,SINGLE,3,3.1697,2.3094,20.6140,2.5,6.0
96064.000,22.301139631,114.179041280,-45.4026,5,SINGLE,3,13.0859,8.1245,87.6985,10.3,26.6
96079.000,22.299988310,114.179681722,88.4503,5,SINGLE,7,31.6228,31.6228,31.6228,-0.0,0.0
96086.000,22.299342401,114.179097179,35.8078,5,SINGLE,4,30.0000,30.0000,30.0000,-0.0,0.0
96087.000,22.299269094,114.179048959,30.9437,5,SINGLE,5,31.6228,31.6228,31.6228,0.0,0.0
96088.000,22.299229341,114.178894340,51.9639,5,SINGLE,4,30.0000,30.0000,30.0000,0.0,-0.0
96089.000,22.299166365,114.178837851,53.8159,5,SINGLE,5,31.6228,31.6228,31.6228,0.0,0.0
96092.000,22.298980368,114.178611621,48.5145,5,SINGLE,4,30.0000,30.0000,30.0000,-0.0,0.0
96093.000,22.298931245,114.178571272,39.9920,5,SINGLE,5,31.6228,31.6228,31.6228,0.0,0.0
96094.000,22.298959647,114.178639022,40.4061,5,SINGLE,6,30.0000,30.0000,30.0000,0.0,0.0
96095.000,22.298918077,114.178585076,36.7655,5,SINGLE,6,31.6228,31.6228,31.6228,-0.0,0.0
96096.000,22.298907839,114.178616975,11.4552,5,SINGLE,6,30.0000,30.0000,30.0000,0.0,0.0
96097.000,22.298862348,114.178562506,12.4090,5,SINGLE,6,31.6228,31.6228,31.6228,0.0,0.0
96099.000,22.298976931,114.178284160,95.3549,5,SINGLE,5,31.6228,31.6228,31.6228,0.0,0.0
96100.000,22.298793109,114.178413738,7.5448,5,SINGLE,5,30.0000,30.0000,30.0000,-0.0,0.0
96101.000,22.298757739,114.178371902,8.1045,5,SINGLE,5,31.6228,31.6228,31.6228,0.0,0.0
96102.000,22.298712464,114.178326503,11.3046,5,SINGLE,5,30.0000,30.0000,30.0000,-0.0,0.0
96103.000,22.298691759,114.178223824,26.1331,5,SINGLE,5,31.6228,31.6228,31.6228,0.0,0.0
96104.000,22.298661405,114.178148606,25.9723,5,SINGLE,5,30.0000,30.0000,30.0000,-0.0,0.0
96105.000,22.298630689,114.178120975,25.7291,5,SINGLE,5,31.6228,31.6228,31.6228,-0.0,0.0
96110.000,22.298417615,114.178009340,25.7620,5,SINGLE,4,30.0000,30.0000,30.0000,0.0,0.0
96111.000,22.298442041,114.178044692,15.4086,5,SINGLE,4,31.6228,31.6228,31.6228,0.0,0.0
96112.000,22.298491699,114.178091170,13.1936,5,SINGLE,6,30.0000,30.0000,30.0000,0.0,0.0
96113.000,22.298479264,114.178072589,19.8840,5,SINGLE,4,31.6228,31.6228,31.6228,0.0,0.0
96114.000,22.298597448,114.178256149,-60.3366,5,SINGLE,5,30.0000,30.0000,30.0000,0.0,0.0
96115.000,22.298572742,114.178241327,-60.1077,5,SINGLE,5,31.6228,31.6228,31.6228,0.0,0.0
96116.000,22.298532906,114.178192025,-48.8559,5,SINGLE,5,30.0000,30.0000,30.0000,0.0,0.0
96117.000,22.298507553,114.178149739,-48.1138,5,SINGLE,5,31.6228,31.6228,31.6228,0.0,-0.0
96118.000,22.298418054,114.178074998,-11.5520,5,SINGLE,6,30.0000,30.0000,30.0000,-0.0,-0.0
96119.000,22.298371673,114.178038559,-13.2765,5,SINGLE,6,31.6228,31.6228,31.6228,0.0,0.0
96120.000,22.298276210,114.178046931,-19.2848,5,SINGLE,5,30.0000,30.0000,30.0000,0.0,0.0
96121.000,22.298197456,114.178034202,-24.4451,5,SINGLE,4,31.6228,31.6228,31.6228,0.0,0.0
96125.000,22.298284964,114.177792985,0.3432,5,SINGLE,4,31.6067,31.6067,31.6067,0.0,0.0
96127.000,22.298033334,114.177210431,55.9498,5,SINGLE,5,31.6228,31.6228,31.6228,0.0,0.0
96128.000,22.297911935,114.177384175,2.5110,5,SINGLE,5,30.0000,30.0000,30.0000,0.0,-0.0
96129.000,22.297851811,114.177306188,6.4930,5,SINGLE,6,31.6228,31.6228,31.6228,0.0,0.0
96130.000,22.297749594,114.177174457,38.7102,5,SINGLE,6,30.0000,30.0000,30.0000,0.0,-0.0
96131.000,22.297687650,114.177093427,40.1899,5,SINGLE,6,31.6228,31.6228,31.6228,0.0,0.0
96132.000,22.297584930,114.177001899,49.9713,5,SINGLE,5,30.0000,30.0000,30.0000,0.0,0.0
96133.000,22.297525157,114.176904822,55.4236,5,SINGLE,5,31.6228,31.6228,31.6228,0.0,0.0
96137.000,22.297346094,114.176739876,50.5273,5,SINGLE,5,31.6228,31.6228,31.6228,0.0,0.0
96141.000,22.297488431,114.174475283,523.9742,5,SINGLE,5,31.6067,31.6067,31.6067,0.0,-0.0
96142.000,22.296789050,114.176951507,42.6591,5,SINGLE,4,30.0000,30.0000,30.0000,0.0,-0.0
96144.000,22.297108457,114.176206725,30.8696,5,SINGLE,5,30.0000,30.0000,30.0000,0.0,0.0
96145.000,22.297094921,114.176156523,31.2494,5,SINGLE,6,31.6228,31.6228,31.6228,-0.0,-0.0
96146.000,22.297104529,114.176165847,38.6508,5,SINGLE,6,30.0000,30.0000,30.0000,0.0,-0.0
96147.000,22.297097908,114.176127998,46.4248,5,SINGLE,6,31.6228,31.6228,31.6228,0.0,0.0
96148.000,22.296990028,114.176035228,85.7776,5,SINGLE,6,30.0000,30.0000,30.0000,-0.0,0.0
96283.000,22.302113782,114.176884334,25.4312,5,SINGLE,6,31.6228,31.6228,31.6228,-0.0,0.0
96290.000,22.302124293,114.176665059,-5.3085,5,SINGLE,6,30.0000,30.0000,30.0000,0.0,0.0
96291.000,22.302124390,114.176666008,-5.4771,5,SINGLE,6,31.6228,31.6228,31.6228,0.0,0.0
96292.000,22.302118441,114.176651368,-8.9237,5,SINGLE,6,30.0000,30.0000,30.0000,0.0,0.0
96293.000,22.302118891,114.176655225,-8.3581,5,SINGLE,6,31.6228,31.6228,31.6228,0.0,0.0
96294.000,22.302116062,114.176645513,-11.2017,5,SINGLE,6,30.0000,30.0000,30.0000,0.0,-0.0
96295.000,22.302119380,114.176651389,-9.8761,5,SINGLE,6,31.6228,31.6228,31.6228,-0.0,0.0
96296.000,22.302112916,114.176644658,-12.3354,5,SINGLE,6,30.0000,30.0000,30.0000,0.0,0.0
96297.000,22.302111246,114.176640068,-13.3255,5,SINGLE,6,31.6228,31.6228,31.6228,0.0,0.0
96298.000,22.302111770,114.176641335,-13.8780,5,SINGLE,6,30.0000,30.0000,30.0000,0.0,0.0
96299.000,22.302111528,114.176637500,-14.1662,5,SINGLE,6,31.6228,31.6228,31.6228,0.0,-0.0
96300.000,22.302107725,114.176631230,-16.8045,5,SINGLE,6,30.0000,30.0000,30.0000,0.0,0.0
96302.000,22.302123667,114.176646619,-13.2280,5,SINGLE,6,30.0000,30.0000,30.0000,0.0,0.0
96303.000,22.302136618,114.176651074,-13.6172,5,SINGLE,6,31.6228,31.6228,31.6228,0.0,0.0
96304.000,22.302152261,114.176668193,-7.5212,5,SINGLE,6,30.0000,30.0000,30.0000,0.0,0.0
96305.000,22.302186932,114.176675353,-8.5626,5,SINGLE,7,31.6228,31.6228,31.6228,0.0,-0.0
96306.000,22.302232703,114.176777435,-2.0700,5,SINGLE,7,30.0000,30.0000,30.0000,0.0,0.0
96307.000,22.302278723,114.176801678,-4.7875,5,SINGLE,7,31.6228,31.6228,31.6228,0.0,0.0
96308.000,22.302327089,114.176798755,-0.4321,5,SINGLE,7,30.0000,30.0000,30.0000,-0.0,0.0
96309.000,22.302379411,114.176823881,0.2793,5,SINGLE,6,31.6228,31.6228,31.6228,0.0,-0.0
96310.000,22.302456228,114.176846429,-0.8429,5,SINGLE,6,30.0000,30.0000,30.0000,0.0,0.0
96311.000,22.302521787,114.176867562,-2.6584,5,SINGLE,6,31.6228,31.6228,31.6228,0.0,-0.0
96312.000,22.302392728,114.176792116,-13.8147,5,SINGLE,2,19.5346,27.6890,28.7295,-16.2,-10.0
96313.000,22.302404557,114.176787808,-18.0938,5,SINGLE,2,19.2924,28.9581,30.1612,-17.8,-11.0
96314.000,22.302405693,114.176777679,-22.8202,5,SINGLE,2,21.7856,34.0901,35.5959,-21.7,-13.3
96315.000,22.302422133,114.176831820,-17.3175,5,SINGLE,2,17.9954,27.4214,28.5886,-17.1,-10.5
96316.000,22.302419500,114.176832833,-20.3932,5,SINGLE,2,18.7116,28.8624,30.1136,-18.1,-11.2
96317.000,22.302418065,114.176834461,-23.4296,5,SINGLE,2,21.5119,34.0481,35.5775,-21.8,-13.4
96318.000,22.302959385,114.177161600,0.7876,5,SINGLE,7,30.0000,30.0000,30.0000,-0.0,0.0
96319.000,22.302991046,114.177200530,-0.1746,5,SINGLE,6,31.6228,31.6228,31.6228,0.0,0.0
96320.000,22.302995473,114.177261785,2.4022,5,SINGLE,6,30.0000,30.0000,30.0000,-0.0,0.0
96321.000,22.302992067,114.177311686,2.1324,5,SINGLE,7,31.6228,31.6228,31.6228,-0.0,0.0
96322.000,22.302972064,114.177382337,6.3907,5,SINGLE,7,30.0000,30.0000,30.0000,0.0,0.0
96323.000,22.302949414,114.177422448,5.4542,5,SINGLE,7,31.6228,31.6228,31.6228,0.0,0.0
96324.000,22.302931037,114.177467621,6.4409,5,SINGLE,7,30.0000,30.0000,30.0000,0.0,-0.0
96325.000,22.302914132,114.177520172,6.2504,5,SINGLE,7,31.6228,31.6228,31.6228,0.0,0.0
96326.000,22.302878381,114.177550398,1.7842,5,SINGLE,6,30.0000,30.0000,30.0000,-0.0,-0.0
96327.000,22.302863940,114.177593403,0.5063,5,SINGLE,6,31.6228,31.6228,31.6228,-0.0,0.0
96328.000,22.302853743,114.177617313,2.2288,5,SINGLE,6,30.0000,30.0000,30.0000,-0.0,-0.0
96329.000,22.302842052,114.177637377,3.0332,5,SINGLE,6,31.6228,31.6228,31.6228,0.0,0.0
96330.000,22.302826315,114.177654480,3.9297,5,SINGLE,6,30.0000,30.0000,30.0000,0.0,0.0
96331.000,22.302807660,114.177677176,3.8556,5,SINGLE,6,31.6228,31.6228,31.6228,0.0,0.0
96332.000,22.302799277,114.177722655,-0.5631,5,SINGLE,5,30.0000,30.0000,30.0000,0.0,0.0
96333.000,22.302773282,114.177760611,2.2468,5,SINGLE,6,31.6228,31.6228,31.6228,0.0,0.0
96334.000,22.302743185,114.177800261,-8.7844,5,SINGLE,4,30.0000,30.0000,30.0000,0.0,0.0
96337.000,22.302581573,114.177786330,123.9761,5,SINGLE,4,31.6228,31.6228,31.6228,0.0,0.0
96340.000,22.302574928,114.178183840,-5.2928,5,SINGLE,4,30.0000,30.0000,30.0000,0.0,0.0
96342.000,22.303049275,114.178716068,283.8543,5,SINGLE,4,30.0000,30.0000,30.0000,0.0,0.0
96344.000,22.302245744,114.178294938,112.2885,5,SINGLE,4,30.0000,30.0000,30.0000,0.0,0.0
96355.000,22.302212659,114.179040678,197.6299,5,SINGLE,4,31.6065,31.6065,31.6065,0.0,0.0
96356.000,22.302279161,114.179532796,4.9348,5,SINGLE,4,30.0000,30.0000,30.0000,-0.0,0.0
96357.000,22.302224814,114.179578076,9.2600,5,SINGLE,4,31.6228,31.6228,31.6228,0.0,0.0
96359.000,22.302072907,114.179467842,63.9223,5,SINGLE,4,31.6228,31.6228,31.6228,0.0,0.0
96360.000,22.301999622,114.179617128,12.6920,5,SINGLE,5,30.0000,30.0000,30.0000,0.0,0.0
96361.000,22.301929152,114.179620150,13.3911,5,SINGLE,5,31.6228,31.6228,31.6228,0.0,0.0
96362.000,22.301840894,114.179662053,11.3763,5,SINGLE,2,23.8287,19.8936,29.9900,20.2,-4.2
96363.000,22.301807951,114.179618169,9.9887,5,SINGLE,2,25.0473,20.8302,31.6121,21.4,-4.4
96364.000,22.301778221,114.179570153,8.5853,5,SINGLE,2,29.4182,24.2285,37.4036,25.7,-5.3
96365.000,22.301710082,114.179565051,3.5999,5,SINGLE,5,30.0000,30.0000,30.0000,0.0,0.0
96366.000,22.301653076,114.179543186,2.1083,5,SINGLE,6,31.6228,31.6228,31.6228,-0.0,0.0
96367.000,22.301638310,114.179465475,9.7998,5,SINGLE,4,30.0000,30.0000,30.0000,0.0,0.0
96368.000,22.301584953,114.179434719,8.8682,5,SINGLE,5,31.6228,31.6228,31.6228,0.0,-0.0
96369.000,22.301642045,114.179282743,25.5581,5,SINGLE,6,30.0000,30.0000,30.0000,0.0,0.0
96370.000,22.301605818,114.179218872,25.8695,5,SINGLE,6,31.6228,31.6228,31.6228,0.0,-0.0
96371.000,22.301544959,114.179393443,15.8273,5,SINGLE,5,30.0000,30.0000,30.0000,0.0,-0.0
96372.000,22.301516725,114.179331482,15.2650,5,SINGLE,5,31.6228,31.6228,31.6228,0.0,0.0
96373.000,22.301452105,114.178809841,61.3664,5,SINGLE,5,30.0000,30.0000,30.0000,0.0,-0.0
96374.000,22.301437534,114.178754894,59.6015,5,SINGLE,5,31.6228,31.6228,31.6228,0.0,0.0
